;time_plan;line;dest;delay;request;rideID
0;2022-10-27T20:46:00+02:00;X76;U Alt-Mariendorf;1.0;2022-10-27 20:46:18;33076
1;2022-10-27T20:47:00+02:00;179;U Alt-Mariendorf;-1.0;2022-10-27 20:46:18;17930
2;2022-10-27T20:47:00+02:00;M76;U Walther-Schreiber-Platz;3.0;2022-10-27 20:46:18;28854
3;2022-10-27T20:57:00+02:00;M76;U Walther-Schreiber-Platz;0.0;2022-10-27 20:56:19;28854
4;2022-10-27T21:00:00+02:00;X71;U Alt-Mariendorf;3.0;2022-10-27 20:56:19;35268
5;2022-10-27T21:06:00+02:00;X76;U Alt-Mariendorf;0.0;2022-10-27 20:56:19;33073
6;2022-10-27T21:07:00+02:00;179;U Alt-Mariendorf;0.0;2022-10-27 20:56:19;17930
7;2022-10-27T21:08:00+02:00;M76;U Alt-Mariendorf;0.0;2022-10-27 20:56:19;28941
8;2022-10-27T21:58:00+02:00;M76;U Walther-Schreiber-Platz;2.0;2022-10-27 22:00:17;28864
9;2022-10-27T22:00:00+02:00;X71;U Alt-Mariendorf;1.0;2022-10-27 22:00:17;35268
10;2022-10-27T22:06:00+02:00;X76;U Alt-Mariendorf;-1.0;2022-10-27 22:04:04;33078
11;2022-10-27T22:07:00+02:00;179;U Alt-Mariendorf;-1.0;2022-10-27 22:07:27;17930
12;2022-10-27T22:18:00+02:00;M76;U Walther-Schreiber-Platz;1.0;2022-10-27 22:12:41;28864
13;2022-10-27T22:20:00+02:00;X71;U Alt-Mariendorf;-1.0;2022-10-27 22:12:41;35268
14;2022-10-27T22:26:00+02:00;X76;U Alt-Mariendorf;0.0;2022-10-27 22:12:41;33117
15;2022-10-27T22:27:00+02:00;179;U Alt-Mariendorf;0.0;2022-10-27 22:12:41;17930
16;2022-10-27T22:58:00+02:00;M76;U Walther-Schreiber-Platz;0.0;2022-10-27 22:55:05;28864
17;2022-10-27T23:00:00+02:00;X71;U Alt-Mariendorf;1.0;2022-10-27 22:55:05;35268
18;2022-10-27T23:06:00+02:00;X76;U Alt-Mariendorf;-1.0;2022-10-27 23:04:02;33117
19;2022-10-27T23:07:00+02:00;179;U Alt-Mariendorf;0.0;2022-10-27 23:07:02;17930
20;2022-10-27T23:18:00+02:00;M76;U Walther-Schreiber-Platz;1.0;2022-10-27 23:19:05;28864
21;2022-10-27T23:20:00+02:00;X71;U Alt-Mariendorf;0.0;2022-10-27 23:19:05;35261
22;2022-10-27T23:26:00+02:00;X76;U Alt-Mariendorf;0.0;2022-10-27 23:25:06;33117
23;2022-10-27T23:27:00+02:00;179;U Alt-Mariendorf;-1.0;2022-10-27 23:25:06;17930
24;2022-10-27T23:38:00+02:00;M76;U Walther-Schreiber-Platz;0.0;2022-10-27 23:25:06;28864
25;2022-10-27T23:40:00+02:00;X71;U Alt-Mariendorf;-2.0;2022-10-27 23:25:06;35261
26;2022-10-27T23:46:00+02:00;X76;U Alt-Mariendorf;1.0;2022-10-27 23:47:58;33117
27;2022-10-27T23:47:00+02:00;179;U Alt-Mariendorf;0.0;2022-10-27 23:47:58;17930
28;2022-10-27T23:58:00+02:00;M76;U Walther-Schreiber-Platz;0.0;2022-10-27 23:51:50;28864
29;2022-10-28T00:00:00+02:00;X71;U Alt-Mariendorf;0.0;2022-10-27 23:51:50;35261
30;2022-10-28T00:06:00+02:00;X76;U Alt-Mariendorf;0.0;2022-10-27 23:51:50;33117
31;2022-10-28T00:07:00+02:00;179;U Alt-Mariendorf;0.0;2022-10-27 23:51:50;17941
32;2022-10-28T09:43:00+02:00;X71;U Alt-Mariendorf;-1.0;2022-10-28 09:43:07;35252
33;2022-10-28T09:47:00+02:00;X76;U Alt-Mariendorf;0.0;2022-10-28 09:46:09;33095
34;2022-10-28T09:50:00+02:00;179;U Alt-Mariendorf;3.0;2022-10-28 09:52:10;17923
35;2022-10-28T09:51:00+02:00;M76;U Walther-Schreiber-Platz;-1.0;2022-10-28 09:49:09;28837
36;2022-10-28T09:57:00+02:00;X76;U Alt-Mariendorf;0.0;2022-10-28 09:55:10;33095
37;2022-10-28T10:01:00+02:00;M76;U Walther-Schreiber-Platz;-1.0;2022-10-28 10:01:11;28837
38;2022-10-28T10:03:00+02:00;X71;U Alt-Mariendorf;3.0;2022-10-28 10:04:12;35252
39;2022-10-28T10:07:00+02:00;X76;U Alt-Mariendorf;0.0;2022-10-28 10:07:12;33096
40;2022-10-28T10:11:00+02:00;179;U Alt-Mariendorf;0.0;2022-10-28 10:10:13;17925
41;2022-10-28T10:11:00+02:00;M76;U Walther-Schreiber-Platz;4.0;2022-10-28 10:13:13;28837
42;2022-10-28T10:17:00+02:00;X76;U Alt-Mariendorf;1.0;2022-10-28 10:16:13;33097
43;2022-10-28T10:21:00+02:00;M76;U Walther-Schreiber-Platz;0.0;2022-10-28 10:19:14;28837
44;2022-10-28T10:23:00+02:00;X71;U Alt-Mariendorf;0.0;2022-10-28 10:22:14;35253
45;2022-10-28T10:27:00+02:00;X76;U Alt-Mariendorf;2.0;2022-10-28 10:28:15;33097
46;2022-10-28T10:31:00+02:00;M76;U Walther-Schreiber-Platz;0.0;2022-10-28 10:31:18;28837
47;2022-10-28T10:31:00+02:00;179;U Alt-Mariendorf;0.0;2022-10-28 10:31:18;17925
48;2022-10-28T10:37:00+02:00;X76;U Alt-Mariendorf;0.0;2022-10-28 10:37:19;33097
49;2022-10-28T10:41:00+02:00;M76;U Walther-Schreiber-Platz;1.0;2022-10-28 10:40:19;28837
50;2022-10-28T10:43:00+02:00;X71;U Alt-Mariendorf;-2.0;2022-10-28 10:43:20;35253
51;2022-10-28T10:47:00+02:00;X76;U Alt-Mariendorf;0.0;2022-10-28 10:46:20;33097
53;2022-10-28T10:51:00+02:00;M76;U Walther-Schreiber-Platz;6.0;2022-10-28 10:55:22;28837
52;2022-10-28T10:51:00+02:00;179;U Alt-Mariendorf;1.0;2022-10-28 10:49:21;17925
54;2022-10-28T10:57:00+02:00;X76;U Alt-Mariendorf;0.0;2022-10-28 10:55:22;33097
55;2022-10-28T11:01:00+02:00;M76;U Walther-Schreiber-Platz;17.0;2022-10-28 11:16:31;28837
56;2022-10-28T11:03:00+02:00;X71;U Alt-Mariendorf;-1.0;2022-10-28 11:01:23;35253
57;2022-10-28T11:07:00+02:00;X76;U Alt-Mariendorf;2.0;2022-10-28 11:07:24;33097
58;2022-10-28T11:11:00+02:00;179;U Alt-Mariendorf;3.0;2022-10-28 11:13:25;17925
59;2022-10-28T11:11:00+02:00;M76;U Walther-Schreiber-Platz;10.0;2022-10-28 11:19:31;28837
60;2022-10-28T11:17:00+02:00;X76;U Alt-Mariendorf;1.0;2022-10-28 11:16:31;33097
61;2022-10-28T11:21:00+02:00;M76;U Walther-Schreiber-Platz;6.0;2022-10-28 11:25:32;28837
62;2022-10-28T11:23:00+02:00;X71;U Alt-Mariendorf;1.0;2022-10-28 11:22:32;35253
63;2022-10-28T11:27:00+02:00;X76;U Alt-Mariendorf;1.0;2022-10-28 11:28:33;33097
64;2022-10-28T11:31:00+02:00;M76;U Walther-Schreiber-Platz;5.0;2022-10-28 11:34:34;28837
65;2022-10-28T11:31:00+02:00;179;U Alt-Mariendorf;0.0;2022-10-28 11:31:33;17925
66;2022-10-28T11:37:00+02:00;X76;U Alt-Mariendorf;0.0;2022-10-28 11:37:35;33097
67;2022-10-28T11:41:00+02:00;M76;U Walther-Schreiber-Platz;8.0;2022-10-28 11:49:38;28837
68;2022-10-28T11:43:00+02:00;X71;U Alt-Mariendorf;6.0;2022-10-28 11:49:38;35253
69;2022-10-28T11:47:00+02:00;X76;U Alt-Mariendorf;2.0;2022-10-28 11:49:38;33097
70;2022-10-28T11:51:00+02:00;179;U Alt-Mariendorf;6.0;2022-10-28 11:55:39;17925
71;2022-10-28T11:51:00+02:00;M76;U Walther-Schreiber-Platz;2.0;2022-10-28 11:52:38;28837
72;2022-10-28T11:57:00+02:00;X76;U Alt-Mariendorf;0.0;2022-10-28 11:55:39;33097
73;2022-10-28T12:01:00+02:00;M76;U Walther-Schreiber-Platz;2.0;2022-10-28 12:01:40;28837
74;2022-10-28T12:03:00+02:00;X71;U Alt-Mariendorf;0.0;2022-10-28 12:01:40;35253
75;2022-10-28T12:07:00+02:00;X76;U Alt-Mariendorf;1.0;2022-10-28 12:07:42;33097
76;2022-10-28T12:11:00+02:00;179;U Alt-Mariendorf;2.0;2022-10-28 12:13:43;17925
77;2022-10-28T12:11:00+02:00;M76;U Walther-Schreiber-Platz;0.0;2022-10-28 12:10:42;28837
78;2022-10-28T12:17:00+02:00;X76;U Alt-Mariendorf;-2.0;2022-10-28 12:16:44;33097
79;2022-10-28T12:21:00+02:00;M76;U Walther-Schreiber-Platz;9.0;2022-10-28 12:28:47;28837
80;2022-10-28T12:23:00+02:00;X71;U Alt-Mariendorf;-1.0;2022-10-28 12:22:46;35253
81;2022-10-28T12:27:00+02:00;X76;U Alt-Mariendorf;2.0;2022-10-28 12:28:47;33097
82;2022-10-28T12:31:00+02:00;179;U Alt-Mariendorf;5.0;2022-10-28 12:34:48;17925
83;2022-10-28T12:31:00+02:00;M76;U Walther-Schreiber-Platz;9.0;2022-10-28 12:40:49;28837
84;2022-10-28T12:37:00+02:00;X76;U Alt-Mariendorf;1.0;2022-10-28 12:37:49;33097
85;2022-10-28T12:41:00+02:00;M76;U Walther-Schreiber-Platz;4.0;2022-10-28 12:43:50;28837
86;2022-10-28T12:43:00+02:00;X71;U Alt-Mariendorf;-1.0;2022-10-28 12:43:50;35253
87;2022-10-28T12:47:00+02:00;X76;U Alt-Mariendorf;-1.0;2022-10-28 12:46:51;33097
88;2022-10-28T12:51:00+02:00;179;U Alt-Mariendorf;2.0;2022-10-28 12:52:54;17925
89;2022-10-28T12:51:00+02:00;M76;U Walther-Schreiber-Platz;20.0;2022-10-28 12:58:57;28837
90;2022-10-28T12:57:00+02:00;X76;U Alt-Mariendorf;0.0;2022-10-28 12:55:55;33097
91;2022-10-28T13:01:00+02:00;M76;U Walther-Schreiber-Platz;9.0;2022-10-28 12:58:57;28837
92;2022-10-28T13:03:00+02:00;X71;U Alt-Mariendorf;1.0;2022-10-28 12:58:57;35253
93;2022-10-28T13:07:00+02:00;X76;U Alt-Mariendorf;1.0;2022-10-28 12:58:57;33097
95;2022-10-28T13:11:00+02:00;179;U Alt-Mariendorf;9.0;2022-10-28 12:58:57;17925
94;2022-10-28T13:11:00+02:00;M76;U Walther-Schreiber-Platz;0.0;2022-10-28 12:58:57;28837
96;2022-10-28T13:17:00+02:00;X76;U Alt-Mariendorf;0.0;2022-10-28 12:58:57;33097
97;2022-10-30T23:06:00+01:00;X76;U Alt-Mariendorf;0.0;2022-10-30 23:05:16;33117
98;2022-10-30T23:06:00+01:00;179;U Alt-Mariendorf;-2.0;2022-10-30 23:05:16;17936
99;2022-10-30T23:15:00+01:00;X71;U Alt-Mariendorf;0.0;2022-10-30 23:14:17;35265
100;2022-10-30T23:18:00+01:00;M76;U Walther-Schreiber-Platz;2.0;2022-10-30 23:20:18;28864
101;2022-10-30T23:26:00+01:00;X76;U Alt-Mariendorf;-1.0;2022-10-30 23:26:19;33117
102;2022-10-30T23:26:00+01:00;179;U Alt-Mariendorf;0.0;2022-10-30 23:26:19;17936
103;2022-10-30T23:35:00+01:00;X71;U Alt-Mariendorf;-1.0;2022-10-30 23:35:21;35257
104;2022-10-30T23:38:00+01:00;M76;U Walther-Schreiber-Platz;0.0;2022-10-30 23:38:21;28864
106;2022-10-30T23:46:00+01:00;179;U Alt-Mariendorf;0.0;2022-10-30 23:44:22;17936
105;2022-10-30T23:46:00+01:00;X76;U Alt-Mariendorf;1.0;2022-10-30 23:47:22;33117
107;2022-10-30T23:55:00+01:00;X71;U Alt-Mariendorf;1.0;2022-10-30 23:53:23;35257
108;2022-10-30T23:58:00+01:00;M76;U Walther-Schreiber-Platz;-1.0;2022-10-30 23:56:24;28864
109;2022-10-31T00:06:00+01:00;179;U Alt-Mariendorf;-2.0;2022-10-31 00:05:25;17942
110;2022-10-31T00:06:00+01:00;X76;U Alt-Mariendorf;0.0;2022-10-31 00:05:25;33117
111;2022-10-31T00:15:00+01:00;X71;U Alt-Mariendorf;-2.0;2022-10-30 23:59:24;35257
112;2022-10-31T00:18:00+01:00;M76;U Walther-Schreiber-Platz;-2.0;2022-10-31 00:17:27;28864
113;2022-10-31T00:26:00+01:00;X76;U Alt-Mariendorf;0.0;2022-10-31 00:26:29;33135
114;2022-10-31T00:31:00+01:00;X71;U Alt-Mariendorf;-1.0;2022-10-31 00:29:30;35258
115;2022-10-31T00:40:00+01:00;M76;U Walther-Schreiber-Platz;1.0;2022-10-31 00:41:32;28812
116;2022-10-31T00:49:00+01:00;X71;U Alt-Mariendorf;0.0;2022-10-31 00:47:33;35263
117;2022-10-31T01:10:00+01:00;M76;U Walther-Schreiber-Platz;2.0;2022-10-31 01:11:37;28812
118;2022-10-31T01:40:00+01:00;M76;U Walther-Schreiber-Platz;-2.0;2022-10-31 01:38:41;28812
119;2022-10-31T02:10:00+01:00;M76;U Walther-Schreiber-Platz;-2.0;2022-10-31 02:08:46;28812
120;2022-10-31T02:40:00+01:00;M76;U Walther-Schreiber-Platz;-2.0;2022-10-31 02:38:51;28811
121;2022-10-31T03:10:00+01:00;M76;U Walther-Schreiber-Platz;1.0;2022-10-31 03:11:56;28811
122;2022-10-31T03:40:00+01:00;M76;U Walther-Schreiber-Platz;0.0;2022-10-31 03:39:01;28810
123;2022-10-31T04:10:00+01:00;M76;U Walther-Schreiber-Platz;0.0;2022-10-31 04:09:05;28810
124;2022-10-31T04:37:00+01:00;M76;U Walther-Schreiber-Platz;2.0;2022-10-31 04:39:10;28816
125;2022-10-31T04:40:00+01:00;X71;U Alt-Mariendorf;-1.0;2022-10-31 04:39:10;35244
126;2022-10-31T04:57:00+01:00;M76;U Walther-Schreiber-Platz;0.0;2022-10-31 04:57:12;28816
127;2022-10-31T05:07:00+01:00;179;U Alt-Mariendorf;1.0;2022-10-31 05:06:14;17916
128;2022-10-31T05:17:00+01:00;M76;U Walther-Schreiber-Platz;-2.0;2022-10-31 05:15:15;28819
129;2022-10-31T05:18:00+01:00;X71;U Alt-Mariendorf;-1.0;2022-10-31 05:18:16;35247
130;2022-10-31T05:27:00+01:00;179;U Alt-Mariendorf;0.0;2022-10-31 05:27:17;17916
131;2022-10-31T05:37:00+01:00;M76;U Walther-Schreiber-Platz;0.0;2022-10-31 05:36:18;28819
132;2022-10-31T05:38:00+01:00;X71;U Alt-Mariendorf;1.0;2022-10-31 05:36:18;35241
133;2022-10-31T05:46:00+01:00;X76;U Alt-Mariendorf;2.0;2022-10-31 05:48:20;33074
134;2022-10-31T05:47:00+01:00;179;U Alt-Mariendorf;1.0;2022-10-31 05:48:20;17916
135;2022-10-31T05:56:00+01:00;M76;U Walther-Schreiber-Platz;2.0;2022-10-31 05:57:21;28821
136;2022-10-31T05:58:00+01:00;X71;U Alt-Mariendorf;3.0;2022-10-31 06:00:22;35247
137;2022-10-31T06:08:00+01:00;X76;U Alt-Mariendorf;-2.0;2022-10-31 06:06:23;33091
138;2022-10-31T06:10:00+01:00;179;U Alt-Mariendorf;0.0;2022-10-31 06:09:23;17917
139;2022-10-31T06:11:00+01:00;M76;U Walther-Schreiber-Platz;2.0;2022-10-31 06:12:24;28938
140;2022-10-31T06:18:00+01:00;X76;U Alt-Mariendorf;3.0;2022-10-31 06:21:25;33091
141;2022-10-31T06:21:00+01:00;M76;U Walther-Schreiber-Platz;1.0;2022-10-31 06:21:25;28825
142;2022-10-31T06:23:00+01:00;X71;U Alt-Mariendorf;0.0;2022-10-31 06:21:25;35251
143;2022-10-31T06:28:00+01:00;X76;U Alt-Mariendorf;0.0;2022-10-31 06:27:26;33091
144;2022-10-31T06:30:00+01:00;179;U Alt-Mariendorf;-1.0;2022-10-31 06:30:27;17917
145;2022-10-31T06:31:00+01:00;M76;U Walther-Schreiber-Platz;2.0;2022-10-31 06:33:27;28827
146;2022-10-31T06:38:00+01:00;X76;U Alt-Mariendorf;1.0;2022-10-31 06:39:28;33091
147;2022-10-31T06:41:00+01:00;M76;U Walther-Schreiber-Platz;4.0;2022-10-31 06:45:30;28825
148;2022-10-31T06:43:00+01:00;X71;U Alt-Mariendorf;-2.0;2022-10-31 06:42:29;35251
149;2022-10-31T06:48:00+01:00;X76;U Alt-Mariendorf;0.0;2022-10-31 06:48:31;33091
150;2022-10-31T06:50:00+01:00;179;U Alt-Mariendorf;0.0;2022-10-31 06:48:31;17917
151;2022-10-31T06:51:00+01:00;M76;U Walther-Schreiber-Platz;2.0;2022-10-31 06:51:31;28827
152;2022-10-31T06:57:00+01:00;X76;U Alt-Mariendorf;0.0;2022-10-31 06:57:32;33095
153;2022-10-31T07:01:00+01:00;M76;U Walther-Schreiber-Platz;1.0;2022-10-31 07:00:33;28825
154;2022-10-31T07:03:00+01:00;X71;U Alt-Mariendorf;-1.0;2022-10-31 07:03:33;35252
155;2022-10-31T07:07:00+01:00;X76;U Alt-Mariendorf;1.0;2022-10-31 07:06:34;33095
156;2022-10-31T07:10:00+01:00;179;U Alt-Mariendorf;0.0;2022-10-31 07:09:34;17920
157;2022-10-31T07:11:00+01:00;M76;U Walther-Schreiber-Platz;2.0;2022-10-31 07:12:35;28826
158;2022-10-31T07:17:00+01:00;X76;U Alt-Mariendorf;0.0;2022-10-31 07:15:35;33095
159;2022-10-31T07:21:00+01:00;M76;U Walther-Schreiber-Platz;2.0;2022-10-31 07:21:36;28826
160;2022-10-31T07:23:00+01:00;X71;U Alt-Mariendorf;1.0;2022-10-31 07:24:37;35252
161;2022-10-31T07:27:00+01:00;X76;U Alt-Mariendorf;2.0;2022-10-31 07:27:37;33095
162;2022-10-31T07:30:00+01:00;179;U Alt-Mariendorf;-2.0;2022-10-31 07:30:38;17920
163;2022-10-31T07:31:00+01:00;M76;U Walther-Schreiber-Platz;0.0;2022-10-31 07:30:38;28826
164;2022-10-31T07:37:00+01:00;X76;U Alt-Mariendorf;1.0;2022-10-31 07:36:39;33095
165;2022-10-31T07:41:00+01:00;M76;U Walther-Schreiber-Platz;2.0;2022-10-31 07:42:40;28826
166;2022-10-31T07:43:00+01:00;X71;U Alt-Mariendorf;1.0;2022-10-31 07:42:40;35252
167;2022-10-31T07:47:00+01:00;X76;U Alt-Mariendorf;0.0;2022-10-31 07:45:41;33095
168;2022-10-31T07:50:00+01:00;179;U Alt-Mariendorf;-1.0;2022-10-31 07:48:41;17920
169;2022-10-31T07:51:00+01:00;M76;U Walther-Schreiber-Platz;3.0;2022-10-31 07:54:42;28826
170;2022-10-31T07:57:00+01:00;X76;U Alt-Mariendorf;-1.0;2022-10-31 07:57:42;33095
171;2022-10-31T08:01:00+01:00;M76;U Walther-Schreiber-Platz;3.0;2022-10-31 08:03:44;28826
172;2022-10-31T08:03:00+01:00;X71;U Alt-Mariendorf;0.0;2022-10-31 08:03:44;35252
173;2022-10-31T08:07:00+01:00;X76;U Alt-Mariendorf;0.0;2022-10-31 08:06:44;33095
174;2022-10-31T08:10:00+01:00;179;U Alt-Mariendorf;0.0;2022-10-31 08:09:45;17923
175;2022-10-31T08:11:00+01:00;M76;U Walther-Schreiber-Platz;1.0;2022-10-31 08:12:45;28829
176;2022-10-31T08:17:00+01:00;X76;U Alt-Mariendorf;-1.0;2022-10-31 08:15:46;33095
177;2022-10-31T08:21:00+01:00;M76;U Walther-Schreiber-Platz;2.0;2022-10-31 08:21:47;28832
178;2022-10-31T08:23:00+01:00;X71;U Alt-Mariendorf;-2.0;2022-10-31 08:21:47;35252
179;2022-10-31T08:27:00+01:00;X76;U Alt-Mariendorf;1.0;2022-10-31 08:27:48;33095
180;2022-10-31T08:30:00+01:00;179;U Alt-Mariendorf;2.0;2022-10-31 08:30:48;17923
181;2022-10-31T08:31:00+01:00;M76;U Walther-Schreiber-Platz;0.0;2022-10-31 08:30:48;28829
182;2022-10-31T08:37:00+01:00;X76;U Alt-Mariendorf;1.0;2022-10-31 08:36:49;33095
183;2022-10-31T08:41:00+01:00;M76;U Walther-Schreiber-Platz;0.0;2022-10-31 08:39:50;28830
184;2022-10-31T08:43:00+01:00;X71;U Alt-Mariendorf;5.0;2022-10-31 08:48:51;35252
185;2022-10-31T08:47:00+01:00;X76;U Alt-Mariendorf;2.0;2022-10-31 08:48:51;33095
186;2022-10-31T08:50:00+01:00;179;U Alt-Mariendorf;3.0;2022-10-31 08:51:52;17923
187;2022-10-31T08:51:00+01:00;M76;U Walther-Schreiber-Platz;-2.0;2022-10-31 08:51:52;28830
188;2022-10-31T08:57:00+01:00;X76;U Alt-Mariendorf;1.0;2022-10-31 08:57:53;33095
189;2022-10-31T09:01:00+01:00;M76;U Walther-Schreiber-Platz;2.0;2022-10-31 09:03:54;28830
190;2022-10-31T09:03:00+01:00;X71;U Alt-Mariendorf;11.0;2022-10-31 09:12:55;35252
191;2022-10-31T09:07:00+01:00;X76;U Alt-Mariendorf;0.0;2022-10-31 09:06:54;33095
192;2022-10-31T09:10:00+01:00;179;U Alt-Mariendorf;1.0;2022-10-31 09:09:55;17923
193;2022-10-31T09:11:00+01:00;M76;U Walther-Schreiber-Platz;0.0;2022-10-31 09:09:55;28830
194;2022-10-31T09:17:00+01:00;X76;U Alt-Mariendorf;1.0;2022-10-31 09:18:57;33095
195;2022-10-31T09:21:00+01:00;M76;U Walther-Schreiber-Platz;0.0;2022-10-31 09:21:57;28830
196;2022-10-31T09:23:00+01:00;X71;U Alt-Mariendorf;10.0;2022-10-31 09:30:59;35252
197;2022-10-31T09:27:00+01:00;X76;U Alt-Mariendorf;0.0;2022-10-31 09:27:58;33095
198;2022-10-31T09:30:00+01:00;179;U Alt-Mariendorf;0.0;2022-10-31 09:30:59;17923
199;2022-10-31T09:31:00+01:00;M76;U Walther-Schreiber-Platz;0.0;2022-10-31 09:30:59;28830
200;2022-10-31T09:37:00+01:00;X76;U Alt-Mariendorf;4.0;2022-10-31 09:40:00;33095
201;2022-10-31T09:41:00+01:00;M76;U Walther-Schreiber-Platz;0.0;2022-10-31 09:40:00;28830
202;2022-10-31T09:43:00+01:00;X71;U Alt-Mariendorf;6.0;2022-10-31 09:49:02;35252
203;2022-10-31T09:47:00+01:00;X76;U Alt-Mariendorf;3.0;2022-10-31 09:49:02;33095
204;2022-10-31T09:50:00+01:00;179;U Alt-Mariendorf;2.0;2022-10-31 09:52:03;17923
205;2022-10-31T09:51:00+01:00;M76;U Walther-Schreiber-Platz;6.0;2022-10-31 09:55:03;28837
206;2022-10-31T09:57:00+01:00;X76;U Alt-Mariendorf;4.0;2022-10-31 10:01:05;33095
207;2022-10-31T10:01:00+01:00;M76;U Walther-Schreiber-Platz;5.0;2022-10-31 10:04:05;28837
208;2022-10-31T10:03:00+01:00;X71;U Alt-Mariendorf;9.0;2022-10-31 10:10:06;35252
209;2022-10-31T10:07:00+01:00;X76;U Alt-Mariendorf;0.0;2022-10-31 10:07:06;33096
210;2022-10-31T10:11:00+01:00;M76;U Walther-Schreiber-Platz;7.0;2022-10-31 10:16:08;28837
211;2022-10-31T10:11:00+01:00;179;U Alt-Mariendorf;1.0;2022-10-31 10:10:06;17925
212;2022-10-31T10:17:00+01:00;X76;U Alt-Mariendorf;1.0;2022-10-31 10:16:08;33097
213;2022-10-31T10:21:00+01:00;M76;U Walther-Schreiber-Platz;10.0;2022-10-31 10:31:10;28837
214;2022-10-31T10:23:00+01:00;X71;U Alt-Mariendorf;9.0;2022-10-31 10:31:10;35253
215;2022-10-31T10:27:00+01:00;X76;U Alt-Mariendorf;3.0;2022-10-31 10:28:10;33097
216;2022-10-31T10:31:00+01:00;179;U Alt-Mariendorf;1.0;2022-10-31 10:31:10;17925
217;2022-10-31T10:31:00+01:00;M76;U Walther-Schreiber-Platz;12.0;2022-10-31 10:43:14;28837
218;2022-10-31T10:37:00+01:00;X76;U Alt-Mariendorf;5.0;2022-10-31 10:40:13;33097
219;2022-10-31T10:41:00+01:00;M76;U Walther-Schreiber-Platz;10.0;2022-10-31 10:49:15;28837
220;2022-10-31T10:43:00+01:00;X71;U Alt-Mariendorf;7.0;2022-10-31 10:49:15;35253
221;2022-10-31T10:47:00+01:00;X76;U Alt-Mariendorf;3.0;2022-10-31 10:49:15;33097
222;2022-10-31T10:51:00+01:00;M76;U Walther-Schreiber-Platz;17.0;2022-10-31 11:07:20;28837
223;2022-10-31T10:51:00+01:00;179;U Alt-Mariendorf;0.0;2022-10-31 10:49:15;17925
224;2022-10-31T10:57:00+01:00;X76;U Alt-Mariendorf;4.0;2022-10-31 11:01:18;33097
225;2022-10-31T11:01:00+01:00;M76;U Walther-Schreiber-Platz;12.0;2022-10-31 11:13:21;28837
226;2022-10-31T11:03:00+01:00;X71;U Alt-Mariendorf;27.0;2022-10-31 11:28:23;35253
227;2022-10-31T11:07:00+01:00;X76;U Alt-Mariendorf;0.0;2022-10-31 11:07:20;33097
228;2022-10-31T11:11:00+01:00;M76;U Walther-Schreiber-Platz;4.0;2022-10-31 11:13:21;28837
229;2022-10-31T11:11:00+01:00;179;U Alt-Mariendorf;2.0;2022-10-31 11:13:21;17925
230;2022-10-31T11:17:00+01:00;X76;U Alt-Mariendorf;5.0;2022-10-31 11:22:22;33097
231;2022-10-31T11:21:00+01:00;M76;U Walther-Schreiber-Platz;7.0;2022-10-31 11:28:23;28837
232;2022-10-31T11:23:00+01:00;X71;U Alt-Mariendorf;12.0;2022-10-31 11:34:25;35253
233;2022-10-31T11:27:00+01:00;X76;U Alt-Mariendorf;0.0;2022-10-31 11:25:23;33097
235;2022-10-31T11:31:00+01:00;179;U Alt-Mariendorf;1.0;2022-10-31 11:31:24;17925
234;2022-10-31T11:31:00+01:00;M76;U Walther-Schreiber-Platz;2.0;2022-10-31 11:31:24;28837
236;2022-10-31T11:37:00+01:00;X76;U Alt-Mariendorf;0.0;2022-10-31 11:37:25;33097
237;2022-10-31T11:41:00+01:00;M76;U Walther-Schreiber-Platz;11.0;2022-10-31 11:52:30;28837
238;2022-10-31T11:43:00+01:00;X71;U Alt-Mariendorf;8.0;2022-10-31 11:49:29;35253
239;2022-10-31T11:47:00+01:00;X76;U Alt-Mariendorf;2.0;2022-10-31 11:49:29;33097
240;2022-10-31T11:51:00+01:00;M76;U Walther-Schreiber-Platz;11.0;2022-10-31 12:01:32;28837
241;2022-10-31T11:51:00+01:00;179;U Alt-Mariendorf;8.0;2022-10-31 11:58:31;17925
242;2022-10-31T11:57:00+01:00;X76;U Alt-Mariendorf;1.0;2022-10-31 11:58:31;33097
243;2022-10-31T12:01:00+01:00;M76;U Walther-Schreiber-Platz;18.0;2022-10-31 12:16:37;28837
244;2022-10-31T12:03:00+01:00;X71;U Alt-Mariendorf;38.0;2022-10-31 12:37:40;35253
245;2022-10-31T12:07:00+01:00;X76;U Alt-Mariendorf;0.0;2022-10-31 12:07:32;33097
246;2022-10-31T12:11:00+01:00;179;U Alt-Mariendorf;9.0;2022-10-31 12:19:37;17925
247;2022-10-31T12:11:00+01:00;M76;U Walther-Schreiber-Platz;18.0;2022-10-31 12:28:39;28837
248;2022-10-31T12:17:00+01:00;X76;U Alt-Mariendorf;0.0;2022-10-31 12:16:37;33097
249;2022-10-31T12:21:00+01:00;M76;U Walther-Schreiber-Platz;11.0;2022-10-31 12:19:37;28837
250;2022-10-31T12:23:00+01:00;X71;U Alt-Mariendorf;0.0;2022-10-31 12:22:38;35253
251;2022-10-31T12:27:00+01:00;X76;U Alt-Mariendorf;1.0;2022-10-31 12:28:39;33097
252;2022-10-31T12:31:00+01:00;179;U Alt-Mariendorf;4.0;2022-10-31 12:34:40;17925
253;2022-10-31T12:31:00+01:00;M76;U Walther-Schreiber-Platz;12.0;2022-10-31 12:43:41;28837
254;2022-10-31T12:37:00+01:00;X76;U Alt-Mariendorf;2.0;2022-10-31 12:37:40;33097
255;2022-10-31T12:41:00+01:00;M76;U Walther-Schreiber-Platz;8.0;2022-10-31 12:49:42;28837
256;2022-10-31T12:43:00+01:00;X71;U Alt-Mariendorf;4.0;2022-10-31 12:46:42;35253
257;2022-10-31T12:47:00+01:00;X76;U Alt-Mariendorf;0.0;2022-10-31 12:46:42;33097
258;2022-10-31T12:51:00+01:00;M76;U Walther-Schreiber-Platz;9.0;2022-10-31 12:58:45;28837
259;2022-10-31T12:51:00+01:00;179;U Alt-Mariendorf;13.0;2022-10-31 13:04:47;17925
260;2022-10-31T12:57:00+01:00;X76;U Alt-Mariendorf;1.0;2022-10-31 12:58:45;33097
261;2022-10-31T13:01:00+01:00;M76;U Walther-Schreiber-Platz;13.0;2022-10-31 13:10:48;28837
262;2022-10-31T13:03:00+01:00;X71;U Alt-Mariendorf;19.0;2022-10-31 13:22:51;35253
263;2022-10-31T13:07:00+01:00;X76;U Alt-Mariendorf;0.0;2022-10-31 13:07:48;33097
264;2022-10-31T13:11:00+01:00;179;U Alt-Mariendorf;5.0;2022-10-31 13:13:49;17925
265;2022-10-31T13:11:00+01:00;M76;U Walther-Schreiber-Platz;8.0;2022-10-31 13:19:50;28837
266;2022-10-31T13:17:00+01:00;X76;U Alt-Mariendorf;2.0;2022-10-31 13:16:49;33097
267;2022-10-31T13:21:00+01:00;M76;U Walther-Schreiber-Platz;1.0;2022-10-31 13:22:51;28837
268;2022-10-31T13:23:00+01:00;X71;U Alt-Mariendorf;14.0;2022-10-31 13:37:55;35253
269;2022-10-31T13:27:00+01:00;X76;U Alt-Mariendorf;1.0;2022-10-31 13:28:54;33097
270;2022-10-31T13:31:00+01:00;M76;U Walther-Schreiber-Platz;6.0;2022-10-31 13:37:55;28837
271;2022-10-31T13:31:00+01:00;179;U Alt-Mariendorf;0.0;2022-10-31 13:31:54;17925
272;2022-10-31T13:37:00+01:00;X76;U Alt-Mariendorf;0.0;2022-10-31 13:37:55;33097
273;2022-10-31T13:41:00+01:00;M76;U Walther-Schreiber-Platz;3.0;2022-10-31 13:43:56;28837
274;2022-10-31T13:43:00+01:00;X71;U Alt-Mariendorf;3.0;2022-10-31 13:46:57;35253
275;2022-10-31T13:47:00+01:00;X76;U Alt-Mariendorf;0.0;2022-10-31 13:46:57;33097
276;2022-10-31T13:51:00+01:00;179;U Alt-Mariendorf;3.0;2022-10-31 13:52:58;17925
277;2022-10-31T13:51:00+01:00;M76;U Walther-Schreiber-Platz;2.0;2022-10-31 13:52:58;28837
278;2022-10-31T13:57:00+01:00;X76;U Alt-Mariendorf;2.0;2022-10-31 13:58:59;33097
279;2022-10-31T14:01:00+01:00;M76;U Walther-Schreiber-Platz;13.0;2022-10-31 14:14:02;28837
280;2022-10-31T14:03:00+01:00;X71;U Alt-Mariendorf;4.0;2022-10-31 14:05:00;35253
281;2022-10-31T14:07:00+01:00;X76;U Alt-Mariendorf;0.0;2022-10-31 14:05:00;33097
282;2022-10-31T14:11:00+01:00;179;U Alt-Mariendorf;1.0;2022-10-31 14:11:01;17925
283;2022-10-31T14:11:00+01:00;M76;U Walther-Schreiber-Platz;2.0;2022-10-31 14:11:01;28837
284;2022-10-31T14:17:00+01:00;X76;U Alt-Mariendorf;0.0;2022-10-31 14:17:02;33097
285;2022-10-31T14:21:00+01:00;M76;U Walther-Schreiber-Platz;5.0;2022-10-31 14:26:04;28837
286;2022-10-31T14:21:00+01:00;179;U Alt-Mariendorf;1.0;2022-10-31 14:20:03;17926
287;2022-10-31T14:23:00+01:00;X71;U Alt-Mariendorf;3.0;2022-10-31 14:26:04;35253
288;2022-10-31T14:27:00+01:00;X76;U Alt-Mariendorf;0.0;2022-10-31 14:26:04;33097
290;2022-10-31T14:31:00+01:00;M76;U Walther-Schreiber-Platz;2.0;2022-10-31 14:32:06;28837
289;2022-10-31T14:31:00+01:00;179;U Alt-Mariendorf;1.0;2022-10-31 14:32:06;17926
291;2022-10-31T14:37:00+01:00;X76;U Alt-Mariendorf;1.0;2022-10-31 14:38:07;33097
292;2022-10-31T14:41:00+01:00;M76;U Walther-Schreiber-Platz;5.0;2022-10-31 14:44:08;28837
293;2022-10-31T14:41:00+01:00;179;U Alt-Mariendorf;-1.0;2022-10-31 14:41:07;17926
294;2022-10-31T14:43:00+01:00;X71;U Alt-Mariendorf;27.0;2022-10-31 15:08:13;35253
295;2022-10-31T14:47:00+01:00;X76;U Alt-Mariendorf;2.0;2022-10-31 14:47:08;33097
296;2022-10-31T14:51:00+01:00;M76;U Walther-Schreiber-Platz;6.0;2022-10-31 14:56:10;28837
297;2022-10-31T14:51:00+01:00;179;U Alt-Mariendorf;0.0;2022-10-31 14:50:09;17926
298;2022-10-31T14:58:00+01:00;X76;U Alt-Mariendorf;1.0;2022-10-31 14:59:10;33098
299;2022-10-31T14:59:00+01:00;M76;U Walther-Schreiber-Platz;3.0;2022-10-31 15:02:11;28838
300;2022-10-31T15:01:00+01:00;179;U Alt-Mariendorf;0.0;2022-10-31 14:59:10;17926
301;2022-10-31T15:04:00+01:00;X71;U Alt-Mariendorf;25.0;2022-10-31 15:23:15;35254
302;2022-10-31T15:08:00+01:00;X76;U Alt-Mariendorf;-1.0;2022-10-31 15:08:13;33099
303;2022-10-31T15:09:00+01:00;M76;U Walther-Schreiber-Platz;5.0;2022-10-31 15:14:14;28838
304;2022-10-31T15:11:00+01:00;179;U Alt-Mariendorf;0.0;2022-10-31 15:11:13;17926
305;2022-10-31T15:18:00+01:00;X76;U Alt-Mariendorf;1.0;2022-10-31 15:17:14;33099
306;2022-10-31T15:19:00+01:00;M76;U Walther-Schreiber-Platz;11.0;2022-10-31 15:29:16;28838
307;2022-10-31T15:21:00+01:00;179;U Alt-Mariendorf;1.0;2022-10-31 15:20:15;17926
308;2022-10-31T15:23:00+01:00;X71;U Alt-Mariendorf;11.0;2022-10-31 15:32:17;35255
309;2022-10-31T15:28:00+01:00;X76;U Alt-Mariendorf;0.0;2022-10-31 15:26:16;33099
310;2022-10-31T15:29:00+01:00;M76;U Walther-Schreiber-Platz;6.0;2022-10-31 15:35:17;28838
311;2022-10-31T15:31:00+01:00;179;U Alt-Mariendorf;-1.0;2022-10-31 15:29:16;17926
312;2022-10-31T15:38:00+01:00;X76;U Alt-Mariendorf;1.0;2022-10-31 15:38:19;33099
313;2022-10-31T15:39:00+01:00;M76;U Walther-Schreiber-Platz;2.0;2022-10-31 15:41:21;28838
314;2022-10-31T15:41:00+01:00;179;U Alt-Mariendorf;0.0;2022-10-31 15:41:21;17926
315;2022-10-31T15:43:00+01:00;X71;U Alt-Mariendorf;3.0;2022-10-31 15:44:22;35255
316;2022-10-31T15:48:00+01:00;X76;U Alt-Mariendorf;-1.0;2022-10-31 15:47:22;33099
317;2022-10-31T15:49:00+01:00;M76;U Walther-Schreiber-Platz;8.0;2022-10-31 15:56:23;28838
318;2022-10-31T15:51:00+01:00;179;U Alt-Mariendorf;0.0;2022-10-31 15:50:22;17926
319;2022-10-31T15:58:00+01:00;X76;U Alt-Mariendorf;-2.0;2022-10-31 15:56:23;33099
320;2022-10-31T15:59:00+01:00;M76;U Walther-Schreiber-Platz;3.0;2022-10-31 15:59:24;28838
321;2022-10-31T16:01:00+01:00;179;U Alt-Mariendorf;0.0;2022-10-31 15:59:24;17926
322;2022-10-31T16:03:00+01:00;X71;U Alt-Mariendorf;6.0;2022-10-31 16:08:25;35255
323;2022-10-31T16:08:00+01:00;X76;U Alt-Mariendorf;0.0;2022-10-31 16:08:25;33099
324;2022-10-31T16:09:00+01:00;M76;U Walther-Schreiber-Platz;8.0;2022-10-31 16:17:27;28838
325;2022-10-31T16:11:00+01:00;179;U Alt-Mariendorf;0.0;2022-10-31 16:11:26;17926
326;2022-10-31T16:18:00+01:00;X76;U Alt-Mariendorf;0.0;2022-10-31 16:17:27;33099
327;2022-10-31T16:19:00+01:00;M76;U Walther-Schreiber-Platz;8.0;2022-10-31 16:26:29;28838
328;2022-10-31T16:21:00+01:00;179;U Alt-Mariendorf;1.0;2022-10-31 16:20:27;17926
329;2022-10-31T16:23:00+01:00;X71;U Alt-Mariendorf;43.0;2022-10-31 16:59:37;35255
330;2022-10-31T16:28:00+01:00;X76;U Alt-Mariendorf;0.0;2022-10-31 16:26:29;33099
331;2022-10-31T16:29:00+01:00;M76;U Walther-Schreiber-Platz;7.0;2022-10-31 16:35:31;28838
332;2022-10-31T16:31:00+01:00;179;U Alt-Mariendorf;40.0;2022-10-31 16:50:35;17926
333;2022-10-31T16:38:00+01:00;X76;U Alt-Mariendorf;-2.0;2022-10-31 16:38:32;33099
334;2022-10-31T16:39:00+01:00;M76;U Walther-Schreiber-Platz;10.0;2022-10-31 16:47:35;28838
335;2022-10-31T16:41:00+01:00;179;U Alt-Mariendorf;1.0;2022-10-31 16:41:32;17926
336;2022-10-31T16:43:00+01:00;X71;U Alt-Mariendorf;9.0;2022-10-31 16:50:35;35255
337;2022-10-31T16:48:00+01:00;X76;U Alt-Mariendorf;-1.0;2022-10-31 16:47:35;33099
338;2022-10-31T16:49:00+01:00;M76;U Walther-Schreiber-Platz;8.0;2022-10-31 16:56:36;28838
339;2022-10-31T16:51:00+01:00;179;U Alt-Mariendorf;2.0;2022-10-31 16:53:36;17926
340;2022-10-31T16:58:00+01:00;X76;U Alt-Mariendorf;2.0;2022-10-31 16:59:37;33099
341;2022-10-31T16:59:00+01:00;M76;U Walther-Schreiber-Platz;8.0;2022-10-31 17:06:08;28838
342;2022-10-31T17:01:00+01:00;179;U Alt-Mariendorf;-1.0;2022-10-31 16:59:37;17928
343;2022-10-31T17:03:00+01:00;X71;U Alt-Mariendorf;19.0;2022-10-31 17:21:11;35255
344;2022-10-31T17:08:00+01:00;X76;U Alt-Mariendorf;1.0;2022-10-31 17:09:08;33092
345;2022-10-31T17:09:00+01:00;M76;U Walther-Schreiber-Platz;8.0;2022-10-31 17:15:10;28838
346;2022-10-31T17:11:00+01:00;179;U Alt-Mariendorf;-2.0;2022-10-31 17:09:08;17928
347;2022-10-31T17:18:00+01:00;X76;U Alt-Mariendorf;2.0;2022-10-31 17:18:11;33092
348;2022-10-31T17:19:00+01:00;M76;U Walther-Schreiber-Platz;3.0;2022-10-31 17:21:11;28838
349;2022-10-31T17:21:00+01:00;179;U Alt-Mariendorf;0.0;2022-10-31 17:21:11;17928
350;2022-10-31T17:23:00+01:00;X71;U Alt-Mariendorf;7.0;2022-10-31 17:30:13;35255
351;2022-10-31T17:28:00+01:00;X76;U Alt-Mariendorf;2.0;2022-10-31 17:30:13;33092
352;2022-10-31T17:29:00+01:00;M76;U Walther-Schreiber-Platz;10.0;2022-10-31 17:39:14;28838
353;2022-10-31T17:31:00+01:00;179;U Alt-Mariendorf;0.0;2022-10-31 17:30:13;17928
354;2022-10-31T17:38:00+01:00;X76;U Alt-Mariendorf;2.0;2022-10-31 17:39:14;33092
355;2022-10-31T17:39:00+01:00;M76;U Walther-Schreiber-Platz;12.0;2022-10-31 17:51:19;28838
356;2022-10-31T17:41:00+01:00;179;U Alt-Mariendorf;0.0;2022-10-31 17:39:14;17928
357;2022-10-31T17:43:00+01:00;X71;U Alt-Mariendorf;21.0;2022-10-31 18:03:29;35255
358;2022-10-31T17:48:00+01:00;X76;U Alt-Mariendorf;0.0;2022-10-31 17:48:17;33092
359;2022-10-31T17:49:00+01:00;M76;U Walther-Schreiber-Platz;0.0;2022-10-31 17:48:17;28838
360;2022-10-31T17:51:00+01:00;179;U Alt-Mariendorf;0.0;2022-10-31 17:51:19;17928
361;2022-10-31T17:58:00+01:00;X76;U Alt-Mariendorf;1.0;2022-10-31 17:57:19;33092
362;2022-10-31T18:01:00+01:00;M76;U Walther-Schreiber-Platz;7.0;2022-10-31 18:06:30;28831
363;2022-10-31T18:01:00+01:00;179;U Alt-Mariendorf;-2.0;2022-10-31 18:00:20;17928
364;2022-10-31T18:03:00+01:00;X71;U Alt-Mariendorf;0.0;2022-10-31 18:03:29;35255
365;2022-10-31T18:08:00+01:00;X76;U Alt-Mariendorf;1.0;2022-10-31 18:06:30;33100
366;2022-10-31T18:11:00+01:00;M76;U Walther-Schreiber-Platz;1.0;2022-10-31 18:12:32;28831
367;2022-10-31T18:11:00+01:00;179;U Alt-Mariendorf;0.0;2022-10-31 18:09:31;17928
368;2022-10-31T18:18:00+01:00;X76;U Alt-Mariendorf;2.0;2022-10-31 18:18:33;33100
369;2022-10-31T18:21:00+01:00;M76;U Walther-Schreiber-Platz;2.0;2022-10-31 18:21:34;28842
370;2022-10-31T18:21:00+01:00;179;U Alt-Mariendorf;1.0;2022-10-31 18:21:34;17928
371;2022-10-31T18:23:00+01:00;X71;U Alt-Mariendorf;5.0;2022-10-31 18:27:35;35255
372;2022-10-31T18:28:00+01:00;X76;U Alt-Mariendorf;2.0;2022-10-31 18:30:35;33100
373;2022-10-31T18:31:00+01:00;179;U Alt-Mariendorf;0.0;2022-10-31 18:30:35;17928
374;2022-10-31T18:31:00+01:00;M76;U Walther-Schreiber-Platz;0.0;2022-10-31 18:30:35;28842
375;2022-10-31T18:38:00+01:00;X76;U Alt-Mariendorf;1.0;2022-10-31 18:39:37;33100
377;2022-10-31T18:41:00+01:00;179;U Alt-Mariendorf;4.0;2022-10-31 18:45:38;17928
376;2022-10-31T18:41:00+01:00;M76;U Walther-Schreiber-Platz;3.0;2022-10-31 18:42:38;28842
378;2022-10-31T18:43:00+01:00;X71;U Alt-Mariendorf;23.0;2022-10-31 19:06:42;35255
379;2022-10-31T18:48:00+01:00;X76;U Alt-Mariendorf;2.0;2022-10-31 18:48:39;33100
380;2022-10-31T18:51:00+01:00;M76;U Walther-Schreiber-Platz;0.0;2022-10-31 18:51:40;28842
381;2022-10-31T18:51:00+01:00;179;U Alt-Mariendorf;-1.0;2022-10-31 18:51:40;17928
382;2022-10-31T18:58:00+01:00;X76;U Alt-Mariendorf;1.0;2022-10-31 18:57:41;33100
383;2022-10-31T19:01:00+01:00;179;U Alt-Mariendorf;1.0;2022-10-31 19:00:41;17940
384;2022-10-31T19:01:00+01:00;M76;U Walther-Schreiber-Platz;0.0;2022-10-31 19:00:41;28842
385;2022-10-31T19:03:00+01:00;X71;U Alt-Mariendorf;24.0;2022-10-31 19:27:47;35255
386;2022-10-31T19:08:00+01:00;X76;U Alt-Mariendorf;1.0;2022-10-31 19:09:43;33100
387;2022-10-31T19:10:00+01:00;179;U Alt-Mariendorf;0.0;2022-10-31 19:09:43;17929
388;2022-10-31T19:11:00+01:00;M76;U Walther-Schreiber-Platz;-2.0;2022-10-31 19:09:43;28842
389;2022-10-31T19:18:00+01:00;X76;U Alt-Mariendorf;1.0;2022-10-31 19:18:46;33100
390;2022-10-31T19:21:00+01:00;M76;U Walther-Schreiber-Platz;-1.0;2022-10-31 19:21:46;28842
391;2022-10-31T19:23:00+01:00;X71;U Alt-Mariendorf;1.0;2022-10-31 19:24:47;35255
392;2022-10-31T19:27:00+01:00;179;U Alt-Mariendorf;-2.0;2022-10-31 19:27:47;17929
393;2022-10-31T19:28:00+01:00;X76;U Alt-Mariendorf;1.0;2022-10-31 19:27:47;33100
394;2022-10-31T19:31:00+01:00;M76;U Walther-Schreiber-Platz;-2.0;2022-10-31 19:30:48;28842
395;2022-10-31T19:38:00+01:00;X76;U Alt-Mariendorf;4.0;2022-10-31 19:42:52;33100
396;2022-10-31T19:41:00+01:00;M76;U Walther-Schreiber-Platz;0.0;2022-10-31 19:39:51;28844
397;2022-10-31T19:43:00+01:00;X71;U Alt-Mariendorf;1.0;2022-10-31 19:42:52;35255
398;2022-10-31T19:47:00+01:00;179;U Alt-Mariendorf;1.0;2022-10-31 19:48:53;17930
399;2022-10-31T19:48:00+01:00;X76;U Alt-Mariendorf;4.0;2022-10-31 19:51:54;33100
400;2022-10-31T19:51:00+01:00;M76;U Walther-Schreiber-Platz;-1.0;2022-10-31 19:51:54;28845
401;2022-10-31T19:58:00+01:00;X76;U Alt-Mariendorf;0.0;2022-10-31 19:57:57;33133
402;2022-10-31T20:02:00+01:00;M76;U Walther-Schreiber-Platz;1.0;2022-10-31 20:00:58;28848
403;2022-10-31T20:03:00+01:00;X71;U Alt-Mariendorf;0.0;2022-10-31 20:03:59;35255
404;2022-10-31T20:04:00+01:00;X76;U Alt-Mariendorf;1.0;2022-10-31 20:03:59;33074
405;2022-10-31T20:07:00+01:00;M76;U Walther-Schreiber-Platz;1.0;2022-10-31 20:06:59;28849
406;2022-10-31T20:07:00+01:00;179;U Alt-Mariendorf;-2.0;2022-10-31 20:06:59;17930
407;2022-10-31T20:17:00+01:00;M76;U Walther-Schreiber-Platz;2.0;2022-10-31 20:19:02;28853
408;2022-10-31T20:23:00+01:00;X71;U Alt-Mariendorf;9.0;2022-10-31 20:31:04;35255
409;2022-10-31T20:26:00+01:00;X76;U Alt-Mariendorf;0.0;2022-10-31 20:25:03;33075
410;2022-10-31T20:27:00+01:00;179;U Alt-Mariendorf;-2.0;2022-10-31 20:25:03;17930
411;2022-10-31T20:27:00+01:00;M76;U Walther-Schreiber-Platz;2.0;2022-10-31 20:28:03;28853
412;2022-10-31T20:37:00+01:00;M76;U Walther-Schreiber-Platz;0.0;2022-10-31 20:37:05;28851
413;2022-10-31T20:42:00+01:00;X71;U Alt-Mariendorf;35.0;2022-10-31 21:13:11;35256
414;2022-10-31T20:46:00+01:00;X76;U Alt-Mariendorf;2.0;2022-10-31 20:46:06;33076
415;2022-10-31T20:47:00+01:00;M76;U Walther-Schreiber-Platz;0.0;2022-10-31 20:46:06;28854
416;2022-10-31T20:47:00+01:00;179;U Alt-Mariendorf;-1.0;2022-10-31 20:46:06;17930
417;2022-10-31T20:57:00+01:00;M76;U Walther-Schreiber-Platz;1.0;2022-10-31 20:58:08;28854
418;2022-10-31T21:00:00+01:00;X71;U Alt-Mariendorf;1.0;2022-10-31 21:01:09;35268
419;2022-10-31T21:06:00+01:00;X76;U Alt-Mariendorf;1.0;2022-10-31 21:07:10;33073
420;2022-10-31T21:07:00+01:00;179;U Alt-Mariendorf;2.0;2022-10-31 21:07:10;17930
421;2022-10-31T21:08:00+01:00;M76;U Alt-Mariendorf;2.0;2022-10-31 21:10:11;28941
422;2022-10-31T21:17:00+01:00;M76;U Walther-Schreiber-Platz;1.0;2022-10-31 21:16:12;28855
423;2022-10-31T21:20:00+01:00;X71;U Alt-Mariendorf;0.0;2022-10-31 21:19:12;35268
424;2022-10-31T21:26:00+01:00;X76;U Alt-Mariendorf;-1.0;2022-10-31 21:25:15;33078
425;2022-10-31T21:27:00+01:00;179;U Alt-Mariendorf;-2.0;2022-10-31 21:25:15;17930
426;2022-10-31T21:37:00+01:00;M76;U Walther-Schreiber-Platz;1.0;2022-10-31 21:37:16;28855
427;2022-10-31T21:40:00+01:00;X71;U Alt-Mariendorf;1.0;2022-10-31 21:37:16;35268
428;2022-10-31T21:46:00+01:00;X76;U Alt-Mariendorf;1.0;2022-10-31 21:45:28;33078
429;2022-10-31T21:47:00+01:00;179;U Alt-Mariendorf;0.0;2022-10-31 21:45:28;17930
430;2022-10-31T21:58:00+01:00;M76;U Walther-Schreiber-Platz;2.0;2022-10-31 21:58:39;28864
431;2022-10-31T22:00:00+01:00;X71;U Alt-Mariendorf;0.0;2022-10-31 21:58:39;35268
432;2022-10-31T22:06:00+01:00;X76;U Alt-Mariendorf;1.0;2022-10-31 22:07:41;33078
433;2022-10-31T22:07:00+01:00;179;U Alt-Mariendorf;0.0;2022-10-31 22:07:41;17930
434;2022-10-31T22:18:00+01:00;M76;U Walther-Schreiber-Platz;-1.0;2022-10-31 22:16:44;28864
435;2022-10-31T22:20:00+01:00;X71;U Alt-Mariendorf;-1.0;2022-10-31 22:19:45;35268
436;2022-10-31T22:26:00+01:00;X76;U Alt-Mariendorf;1.0;2022-10-31 22:23:18;33117
437;2022-10-31T22:27:00+01:00;179;U Alt-Mariendorf;0.0;2022-10-31 22:23:18;17930
438;2022-10-31T22:38:00+01:00;M76;U Walther-Schreiber-Platz;1.0;2022-10-31 22:37:04;28864
439;2022-10-31T22:40:00+01:00;X71;U Alt-Mariendorf;4.0;2022-10-31 22:43:05;35268
440;2022-10-31T22:46:00+01:00;X76;U Alt-Mariendorf;3.0;2022-10-31 22:49:07;33117
441;2022-10-31T22:47:00+01:00;179;U Alt-Mariendorf;0.0;2022-10-31 22:46:06;17930
442;2022-10-31T22:58:00+01:00;M76;U Walther-Schreiber-Platz;1.0;2022-10-31 22:55:09;28864
443;2022-10-31T23:00:00+01:00;X71;U Alt-Mariendorf;0.0;2022-10-31 22:55:09;35268
444;2022-10-31T23:06:00+01:00;X76;U Alt-Mariendorf;1.0;2022-10-31 23:07:11;33117
445;2022-10-31T23:07:00+01:00;179;U Alt-Mariendorf;0.0;2022-10-31 23:07:11;17930
446;2022-10-31T23:18:00+01:00;M76;U Walther-Schreiber-Platz;-1.0;2022-10-31 23:16:16;28864
447;2022-10-31T23:20:00+01:00;X71;U Alt-Mariendorf;-1.0;2022-10-31 23:19:18;35261
448;2022-10-31T23:26:00+01:00;X76;U Alt-Mariendorf;0.0;2022-10-31 23:25:19;33117
449;2022-10-31T23:27:00+01:00;179;U Alt-Mariendorf;0.0;2022-10-31 23:25:19;17930
450;2022-10-31T23:38:00+01:00;M76;U Walther-Schreiber-Platz;1.0;2022-10-31 23:37:23;28864
451;2022-10-31T23:40:00+01:00;X71;U Alt-Mariendorf;0.0;2022-10-31 23:40:25;35261
452;2022-10-31T23:46:00+01:00;X76;U Alt-Mariendorf;4.0;2022-10-31 23:49:28;33117
453;2022-10-31T23:47:00+01:00;179;U Alt-Mariendorf;0.0;2022-10-31 23:46:27;17930
454;2022-10-31T23:58:00+01:00;M76;U Walther-Schreiber-Platz;0.0;2022-10-31 23:58:31;28864
455;2022-11-01T00:00:00+01:00;X71;U Alt-Mariendorf;0.0;2022-10-31 23:58:31;35261
456;2022-11-01T00:06:00+01:00;X76;U Alt-Mariendorf;0.0;2022-11-01 00:04:33;33117
457;2022-11-01T00:07:00+01:00;179;U Alt-Mariendorf;-1.0;2022-11-01 00:07:34;17941
458;2022-11-01T00:18:00+01:00;M76;U Walther-Schreiber-Platz;-1.0;2022-11-01 00:16:37;28864
459;2022-11-01T00:20:00+01:00;X71;U Alt-Mariendorf;-1.0;2022-11-01 00:19:38;35261
460;2022-11-01T00:26:00+01:00;X76;U Alt-Mariendorf;-1.0;2022-11-01 00:25:39;33135
461;2022-11-01T00:39:00+01:00;X71;U Alt-Mariendorf;-2.0;2022-11-01 00:37:44;35262
462;2022-11-01T00:40:00+01:00;M76;U Walther-Schreiber-Platz;0.0;2022-11-01 00:40:45;28812
463;2022-11-01T01:10:00+01:00;M76;U Walther-Schreiber-Platz;0.0;2022-11-01 01:08:45;28812
464;2022-11-01T01:40:00+01:00;M76;U Walther-Schreiber-Platz;1.0;2022-11-01 01:41:54;28812
465;2022-11-01T02:10:00+01:00;M76;U Walther-Schreiber-Platz;0.0;2022-11-01 02:09:02;28812
466;2022-11-01T02:40:00+01:00;M76;U Walther-Schreiber-Platz;-1.0;2022-11-01 02:39:10;28811
467;2022-11-01T03:10:00+01:00;M76;U Walther-Schreiber-Platz;2.0;2022-11-01 03:12:19;28811
468;2022-11-01T03:40:00+01:00;M76;U Walther-Schreiber-Platz;2.0;2022-11-01 03:42:28;28810
469;2022-11-01T04:10:00+01:00;M76;U Walther-Schreiber-Platz;0.0;2022-11-01 04:09:37;28810
470;2022-11-01T04:37:00+01:00;M76;U Walther-Schreiber-Platz;0.0;2022-11-01 04:36:45;28816
471;2022-11-01T04:40:00+01:00;X71;U Alt-Mariendorf;-2.0;2022-11-01 04:39:45;35244
472;2022-11-01T04:57:00+01:00;M76;U Walther-Schreiber-Platz;2.0;2022-11-01 04:57:52;28816
473;2022-11-01T05:07:00+01:00;179;U Alt-Mariendorf;1.0;2022-11-01 05:06:54;17916
474;2022-11-01T05:17:00+01:00;M76;U Walther-Schreiber-Platz;-1.0;2022-11-01 05:15:57;28819
475;2022-11-01T05:18:00+01:00;X71;U Alt-Mariendorf;0.0;2022-11-01 05:18:58;35247
476;2022-11-01T05:27:00+01:00;179;U Alt-Mariendorf;0.0;2022-11-01 05:25:01;17916
477;2022-11-01T05:37:00+01:00;M76;U Walther-Schreiber-Platz;1.0;2022-11-01 05:37:04;28819
478;2022-11-01T05:38:00+01:00;X71;U Alt-Mariendorf;1.0;2022-11-01 05:37:04;35241
479;2022-11-01T05:46:00+01:00;X76;U Alt-Mariendorf;1.0;2022-11-01 05:46:07;33074
480;2022-11-01T05:47:00+01:00;179;U Alt-Mariendorf;2.0;2022-11-01 05:49:08;17916
481;2022-11-01T05:56:00+01:00;M76;U Walther-Schreiber-Platz;2.0;2022-11-01 05:58:11;28821
482;2022-11-01T05:58:00+01:00;X71;U Alt-Mariendorf;6.0;2022-11-01 06:04:13;35247
483;2022-11-01T06:08:00+01:00;X76;U Alt-Mariendorf;0.0;2022-11-01 06:07:14;33091
484;2022-11-01T06:10:00+01:00;179;U Alt-Mariendorf;0.0;2022-11-01 06:10:15;17917
485;2022-11-01T06:11:00+01:00;M76;U Walther-Schreiber-Platz;1.0;2022-11-01 06:10:15;28938
486;2022-11-01T06:18:00+01:00;X76;U Alt-Mariendorf;1.0;2022-11-01 06:19:18;33091
487;2022-11-01T06:21:00+01:00;M76;U Walther-Schreiber-Platz;1.0;2022-11-01 06:22:19;28825
488;2022-11-01T06:23:00+01:00;X71;U Alt-Mariendorf;-2.0;2022-11-01 06:22:19;35251
489;2022-11-01T06:28:00+01:00;X76;U Alt-Mariendorf;0.0;2022-11-01 06:28:21;33091
490;2022-11-01T06:30:00+01:00;179;U Alt-Mariendorf;0.0;2022-11-01 06:28:21;17917
491;2022-11-01T06:31:00+01:00;M76;U Walther-Schreiber-Platz;4.0;2022-11-01 06:34:23;28827
492;2022-11-01T06:38:00+01:00;X76;U Alt-Mariendorf;1.0;2022-11-01 06:37:25;33091
493;2022-11-01T06:41:00+01:00;M76;U Walther-Schreiber-Platz;2.0;2022-11-01 06:43:28;28825
494;2022-11-01T06:43:00+01:00;X71;U Alt-Mariendorf;-1.0;2022-11-01 06:43:28;35251
495;2022-11-01T06:48:00+01:00;X76;U Alt-Mariendorf;1.0;2022-11-01 06:49:30;33091
496;2022-11-01T06:50:00+01:00;179;U Alt-Mariendorf;0.0;2022-11-01 06:49:30;17917
497;2022-11-01T06:51:00+01:00;M76;U Walther-Schreiber-Platz;4.0;2022-11-01 06:55:33;28827
498;2022-11-01T06:57:00+01:00;X76;U Alt-Mariendorf;1.0;2022-11-01 06:58:34;33095
499;2022-11-01T07:01:00+01:00;M76;U Walther-Schreiber-Platz;1.0;2022-11-01 07:01:35;28825
500;2022-11-01T07:03:00+01:00;X71;U Alt-Mariendorf;0.0;2022-11-01 07:01:35;35252
501;2022-11-01T07:07:00+01:00;X76;U Alt-Mariendorf;2.0;2022-11-01 07:07:37;33095
502;2022-11-01T07:10:00+01:00;179;U Alt-Mariendorf;-1.0;2022-11-01 07:10:38;17920
503;2022-11-01T07:11:00+01:00;M76;U Walther-Schreiber-Platz;0.0;2022-11-01 07:10:38;28826
504;2022-11-01T07:17:00+01:00;X76;U Alt-Mariendorf;0.0;2022-11-01 07:16:40;33095
505;2022-11-01T07:21:00+01:00;M76;U Walther-Schreiber-Platz;3.0;2022-11-01 07:22:43;28826
506;2022-11-01T07:23:00+01:00;X71;U Alt-Mariendorf;5.0;2022-11-01 07:28:44;35252
507;2022-11-01T07:27:00+01:00;X76;U Alt-Mariendorf;0.0;2022-11-01 07:25:44;33095
508;2022-11-01T07:30:00+01:00;179;U Alt-Mariendorf;-2.0;2022-11-01 07:28:44;17920
509;2022-11-01T07:31:00+01:00;M76;U Walther-Schreiber-Platz;3.0;2022-11-01 07:34:53;28826
510;2022-11-01T07:37:00+01:00;X76;U Alt-Mariendorf;1.0;2022-11-01 07:37:55;33095
511;2022-11-01T07:41:00+01:00;M76;U Walther-Schreiber-Platz;4.0;2022-11-01 07:43:58;28826
512;2022-11-01T07:43:00+01:00;X71;U Alt-Mariendorf;6.0;2022-11-01 07:46:59;35252
513;2022-11-01T07:47:00+01:00;X76;U Alt-Mariendorf;4.0;2022-11-01 07:50:00;33095
514;2022-11-01T07:50:00+01:00;179;U Alt-Mariendorf;-1.0;2022-11-01 07:50:00;17920
515;2022-11-01T07:51:00+01:00;M76;U Walther-Schreiber-Platz;5.0;2022-11-01 07:56:02;28826
516;2022-11-01T07:57:00+01:00;X76;U Alt-Mariendorf;4.0;2022-11-01 07:59:03;33095
517;2022-11-01T08:01:00+01:00;M76;U Walther-Schreiber-Platz;3.0;2022-11-01 08:02:27;28826
518;2022-11-01T08:03:00+01:00;X71;U Alt-Mariendorf;3.0;2022-11-01 08:05:28;35252
519;2022-11-01T08:07:00+01:00;X76;U Alt-Mariendorf;0.0;2022-11-01 08:05:28;33095
520;2022-11-01T08:10:00+01:00;179;U Alt-Mariendorf;1.0;2022-11-01 08:11:31;17923
521;2022-11-01T08:11:00+01:00;M76;U Walther-Schreiber-Platz;1.0;2022-11-01 08:11:31;28829
522;2022-11-01T08:17:00+01:00;X76;U Alt-Mariendorf;2.0;2022-11-01 08:17:33;33095
523;2022-11-01T08:21:00+01:00;M76;U Walther-Schreiber-Platz;2.0;2022-11-01 08:23:36;28832
524;2022-11-01T08:23:00+01:00;X71;U Alt-Mariendorf;0.0;2022-11-01 08:23:36;35252
525;2022-11-01T08:27:00+01:00;X76;U Alt-Mariendorf;2.0;2022-11-01 08:29:38;33095
526;2022-11-01T08:30:00+01:00;179;U Alt-Mariendorf;0.0;2022-11-01 08:29:38;17923
527;2022-11-01T08:31:00+01:00;M76;U Walther-Schreiber-Platz;2.0;2022-11-01 08:32:40;28829
528;2022-11-01T08:37:00+01:00;X76;U Alt-Mariendorf;3.0;2022-11-01 08:38:42;33095
529;2022-11-01T08:41:00+01:00;M76;U Walther-Schreiber-Platz;2.0;2022-11-01 08:41:43;28830
530;2022-11-01T08:43:00+01:00;X71;U Alt-Mariendorf;0.0;2022-11-01 08:41:43;35252
531;2022-11-01T08:47:00+01:00;X76;U Alt-Mariendorf;4.0;2022-11-01 08:50:48;33095
532;2022-11-01T08:50:00+01:00;179;U Alt-Mariendorf;0.0;2022-11-01 08:50:48;17923
533;2022-11-01T08:51:00+01:00;M76;U Walther-Schreiber-Platz;2.0;2022-11-01 08:50:48;28830
534;2022-11-01T08:57:00+01:00;X76;U Alt-Mariendorf;2.0;2022-11-01 08:59:52;33095
535;2022-11-01T09:01:00+01:00;M76;U Walther-Schreiber-Platz;1.0;2022-11-01 09:02:54;28830
536;2022-11-01T09:03:00+01:00;X71;U Alt-Mariendorf;3.0;2022-11-01 09:05:55;35252
537;2022-11-01T09:07:00+01:00;X76;U Alt-Mariendorf;0.0;2022-11-01 09:05:55;33095
538;2022-11-01T09:10:00+01:00;179;U Alt-Mariendorf;0.0;2022-11-01 09:08:56;17923
539;2022-11-01T09:11:00+01:00;M76;U Walther-Schreiber-Platz;2.0;2022-11-01 09:11:57;28830
540;2022-11-01T09:17:00+01:00;X76;U Alt-Mariendorf;2.0;2022-11-01 09:17:59;33095
541;2022-11-01T09:21:00+01:00;M76;U Walther-Schreiber-Platz;2.0;2022-11-01 09:21:00;28830
542;2022-11-01T09:23:00+01:00;X71;U Alt-Mariendorf;3.0;2022-11-01 09:24:01;35252
543;2022-11-01T09:27:00+01:00;X76;U Alt-Mariendorf;1.0;2022-11-01 09:27:02;33095
544;2022-11-01T09:30:00+01:00;179;U Alt-Mariendorf;1.0;2022-11-01 09:30:03;17923
545;2022-11-01T09:31:00+01:00;M76;U Walther-Schreiber-Platz;1.0;2022-11-01 09:30:03;28830
546;2022-11-01T09:37:00+01:00;X76;U Alt-Mariendorf;2.0;2022-11-01 09:39:06;33095
547;2022-11-01T09:41:00+01:00;M76;U Walther-Schreiber-Platz;4.0;2022-11-01 09:42:07;28830
548;2022-11-01T09:43:00+01:00;X71;U Alt-Mariendorf;-1.0;2022-11-01 09:42:07;35252
549;2022-11-01T09:47:00+01:00;X76;U Alt-Mariendorf;4.0;2022-11-01 09:51:11;33095
550;2022-11-01T09:50:00+01:00;179;U Alt-Mariendorf;-1.0;2022-11-01 09:48:10;17923
551;2022-11-01T09:51:00+01:00;M76;U Walther-Schreiber-Platz;1.0;2022-11-01 09:51:11;28837
552;2022-11-01T09:57:00+01:00;X76;U Alt-Mariendorf;4.0;2022-11-01 10:00:14;33095
553;2022-11-01T10:01:00+01:00;M76;U Walther-Schreiber-Platz;3.0;2022-11-01 10:03:29;28837
554;2022-11-01T10:03:00+01:00;X71;U Alt-Mariendorf;6.0;2022-11-01 10:09:31;35252
555;2022-11-01T10:07:00+01:00;X76;U Alt-Mariendorf;0.0;2022-11-01 10:06:30;33096
556;2022-11-01T10:11:00+01:00;M76;U Walther-Schreiber-Platz;2.0;2022-11-01 10:12:32;28837
557;2022-11-01T10:11:00+01:00;179;U Alt-Mariendorf;1.0;2022-11-01 10:12:32;17925
558;2022-11-01T10:17:00+01:00;X76;U Alt-Mariendorf;1.0;2022-11-01 10:18:34;33097
559;2022-11-01T10:21:00+01:00;M76;U Walther-Schreiber-Platz;4.0;2022-11-01 10:24:38;28837
560;2022-11-01T10:23:00+01:00;X71;U Alt-Mariendorf;0.0;2022-11-01 10:21:35;35253
561;2022-11-01T10:27:00+01:00;X76;U Alt-Mariendorf;3.0;2022-11-01 10:30:40;33097
562;2022-11-01T10:31:00+01:00;M76;U Walther-Schreiber-Platz;2.0;2022-11-01 10:33:41;28837
563;2022-11-01T10:31:00+01:00;179;U Alt-Mariendorf;-1.0;2022-11-01 10:30:40;17925
564;2022-11-01T10:37:00+01:00;X76;U Alt-Mariendorf;0.0;2022-11-01 10:36:42;33097
565;2022-11-01T10:41:00+01:00;M76;U Walther-Schreiber-Platz;2.0;2022-11-01 10:42:44;28837
566;2022-11-01T10:43:00+01:00;X71;U Alt-Mariendorf;0.0;2022-11-01 10:42:44;35253
567;2022-11-01T10:47:00+01:00;X76;U Alt-Mariendorf;1.0;2022-11-01 10:48:47;33097
568;2022-11-01T10:51:00+01:00;179;U Alt-Mariendorf;0.0;2022-11-01 10:51:48;17925
569;2022-11-01T10:51:00+01:00;M76;U Walther-Schreiber-Platz;4.0;2022-11-01 10:54:49;28837
570;2022-11-01T10:57:00+01:00;X76;U Alt-Mariendorf;3.0;2022-11-01 11:00:51;33097
571;2022-11-01T11:01:00+01:00;M76;U Walther-Schreiber-Platz;2.0;2022-11-01 11:03:51;28837
572;2022-11-01T11:03:00+01:00;X71;U Alt-Mariendorf;3.0;2022-11-01 11:06:54;35253
573;2022-11-01T11:07:00+01:00;X76;U Alt-Mariendorf;0.0;2022-11-01 11:06:54;33097
574;2022-11-01T11:11:00+01:00;M76;U Walther-Schreiber-Platz;10.0;2022-11-01 11:22:00;28837
575;2022-11-01T11:11:00+01:00;179;U Alt-Mariendorf;0.0;2022-11-01 11:09:55;17925
576;2022-11-01T11:17:00+01:00;X76;U Alt-Mariendorf;3.0;2022-11-01 11:18:59;33097
577;2022-11-01T11:21:00+01:00;M76;U Walther-Schreiber-Platz;14.0;2022-11-01 11:34:05;28837
578;2022-11-01T11:23:00+01:00;X71;U Alt-Mariendorf;-2.0;2022-11-01 11:22:00;35253
579;2022-11-01T11:27:00+01:00;X76;U Alt-Mariendorf;2.0;2022-11-01 11:28:02;33097
581;2022-11-01T11:31:00+01:00;M76;U Walther-Schreiber-Platz;10.0;2022-11-01 11:40:07;28837
580;2022-11-01T11:31:00+01:00;179;U Alt-Mariendorf;2.0;2022-11-01 11:31:03;17925
582;2022-11-01T11:37:00+01:00;X76;U Alt-Mariendorf;3.0;2022-11-01 11:40:07;33097
583;2022-11-01T11:41:00+01:00;M76;U Walther-Schreiber-Platz;8.0;2022-11-01 11:49:09;28837
584;2022-11-01T11:43:00+01:00;X71;U Alt-Mariendorf;-1.0;2022-11-01 11:43:08;35253
585;2022-11-01T11:47:00+01:00;X76;U Alt-Mariendorf;3.0;2022-11-01 11:49:09;33097
586;2022-11-01T11:51:00+01:00;179;U Alt-Mariendorf;0.0;2022-11-01 11:49:09;17925
587;2022-11-01T11:51:00+01:00;M76;U Walther-Schreiber-Platz;0.0;2022-11-01 11:49:09;28837
588;2022-11-01T11:57:00+01:00;X76;U Alt-Mariendorf;1.0;2022-11-01 11:58:13;33097
589;2022-11-01T12:01:00+01:00;M76;U Walther-Schreiber-Platz;2.0;2022-11-01 12:01:14;28837
590;2022-11-01T12:03:00+01:00;X71;U Alt-Mariendorf;12.0;2022-11-01 12:13:18;35253
591;2022-11-01T12:07:00+01:00;X76;U Alt-Mariendorf;0.0;2022-11-01 12:07:16;33097
592;2022-11-01T12:11:00+01:00;M76;U Walther-Schreiber-Platz;4.0;2022-11-01 12:13:18;28837
593;2022-11-01T12:11:00+01:00;179;U Alt-Mariendorf;9.0;2022-11-01 12:19:19;17925
594;2022-11-01T12:17:00+01:00;X76;U Alt-Mariendorf;3.0;2022-11-01 12:19:19;33097
595;2022-11-01T12:21:00+01:00;M76;U Walther-Schreiber-Platz;11.0;2022-11-01 12:31:24;28837
596;2022-11-01T12:23:00+01:00;X71;U Alt-Mariendorf;6.0;2022-11-01 12:28:22;35253
597;2022-11-01T12:27:00+01:00;X76;U Alt-Mariendorf;5.0;2022-11-01 12:31:24;33097
598;2022-11-01T12:31:00+01:00;M76;U Walther-Schreiber-Platz;6.0;2022-11-01 12:37:26;28837
599;2022-11-01T12:31:00+01:00;179;U Alt-Mariendorf;3.0;2022-11-01 12:31:24;17925
600;2022-11-01T12:37:00+01:00;X76;U Alt-Mariendorf;5.0;2022-11-01 12:40:28;33097
601;2022-11-01T12:41:00+01:00;M76;U Walther-Schreiber-Platz;6.0;2022-11-01 12:46:32;28837
602;2022-11-01T12:43:00+01:00;X71;U Alt-Mariendorf;6.0;2022-11-01 12:49:33;35253
603;2022-11-01T12:47:00+01:00;X76;U Alt-Mariendorf;4.0;2022-11-01 12:49:33;33097
604;2022-11-01T12:51:00+01:00;179;U Alt-Mariendorf;16.0;2022-11-01 13:07:40;17925
605;2022-11-01T12:51:00+01:00;M76;U Walther-Schreiber-Platz;2.0;2022-11-01 12:52:34;28837
606;2022-11-01T12:57:00+01:00;X76;U Alt-Mariendorf;6.0;2022-11-01 13:01:37;33097
607;2022-11-01T13:01:00+01:00;M76;U Walther-Schreiber-Platz;3.0;2022-11-01 13:04:38;28837
608;2022-11-01T13:03:00+01:00;X71;U Alt-Mariendorf;7.0;2022-11-01 13:10:41;35253
609;2022-11-01T13:07:00+01:00;X76;U Alt-Mariendorf;0.0;2022-11-01 13:07:40;33097
610;2022-11-01T13:11:00+01:00;179;U Alt-Mariendorf;4.0;2022-11-01 13:13:42;17925
611;2022-11-01T13:11:00+01:00;M76;U Walther-Schreiber-Platz;9.0;2022-11-01 13:19:44;28837
612;2022-11-01T13:17:00+01:00;X76;U Alt-Mariendorf;8.0;2022-11-01 13:25:46;33097
613;2022-11-01T13:21:00+01:00;M76;U Walther-Schreiber-Platz;12.0;2022-11-01 13:31:48;28837
614;2022-11-01T13:23:00+01:00;X71;U Alt-Mariendorf;13.0;2022-11-01 13:34:49;35253
615;2022-11-01T13:27:00+01:00;X76;U Alt-Mariendorf;6.0;2022-11-01 13:31:48;33097
616;2022-11-01T13:31:00+01:00;179;U Alt-Mariendorf;43.0;2022-11-01 14:05:02;17925
617;2022-11-01T13:31:00+01:00;M76;U Walther-Schreiber-Platz;12.0;2022-11-01 13:40:52;28837
618;2022-11-01T13:37:00+01:00;X76;U Alt-Mariendorf;8.0;2022-11-01 13:43:53;33097
619;2022-11-01T13:41:00+01:00;M76;U Walther-Schreiber-Platz;6.0;2022-11-01 13:46:54;28837
620;2022-11-01T13:43:00+01:00;X71;U Alt-Mariendorf;34.0;2022-11-01 14:17:07;35253
621;2022-11-01T13:47:00+01:00;X76;U Alt-Mariendorf;3.0;2022-11-01 13:49:55;33097
622;2022-11-01T13:51:00+01:00;M76;U Walther-Schreiber-Platz;4.0;2022-11-01 13:55:58;28837
623;2022-11-01T13:51:00+01:00;179;U Alt-Mariendorf;1.0;2022-11-01 13:52:57;17925
624;2022-11-01T13:57:00+01:00;X76;U Alt-Mariendorf;5.0;2022-11-01 14:02:00;33097
625;2022-11-01T14:01:00+01:00;M76;U Walther-Schreiber-Platz;5.0;2022-11-01 14:05:02;28837
626;2022-11-01T14:03:00+01:00;X71;U Alt-Mariendorf;1.0;2022-11-01 14:02:00;35253
627;2022-11-01T14:07:00+01:00;X76;U Alt-Mariendorf;0.0;2022-11-01 14:05:02;33097
628;2022-11-01T14:11:00+01:00;M76;U Walther-Schreiber-Platz;0.0;2022-11-01 14:11:04;28837
629;2022-11-01T14:11:00+01:00;179;U Alt-Mariendorf;2.0;2022-11-01 14:11:04;17925
630;2022-11-01T14:17:00+01:00;X76;U Alt-Mariendorf;1.0;2022-11-01 14:17:07;33097
631;2022-11-01T14:21:00+01:00;M76;U Walther-Schreiber-Platz;2.0;2022-11-01 14:23:10;28837
632;2022-11-01T14:21:00+01:00;179;U Alt-Mariendorf;-2.0;2022-11-01 14:20:09;17926
633;2022-11-01T14:23:00+01:00;X71;U Alt-Mariendorf;15.0;2022-11-01 14:38:15;35253
634;2022-11-01T14:27:00+01:00;X76;U Alt-Mariendorf;-2.0;2022-11-01 14:26:12;33097
636;2022-11-01T14:31:00+01:00;M76;U Walther-Schreiber-Platz;-1.0;2022-11-01 14:29:13;28837
635;2022-11-01T14:31:00+01:00;179;U Alt-Mariendorf;-2.0;2022-11-01 14:29:13;17926
637;2022-11-01T14:37:00+01:00;X76;U Alt-Mariendorf;2.0;2022-11-01 14:38:15;33097
638;2022-11-01T14:41:00+01:00;M76;U Walther-Schreiber-Platz;0.0;2022-11-01 14:41:17;28837
639;2022-11-01T14:41:00+01:00;179;U Alt-Mariendorf;-2.0;2022-11-01 14:41:17;17926
640;2022-11-01T14:43:00+01:00;X71;U Alt-Mariendorf;9.0;2022-11-01 14:50:21;35253
641;2022-11-01T14:47:00+01:00;X76;U Alt-Mariendorf;1.0;2022-11-01 14:47:20;33097
642;2022-11-01T14:51:00+01:00;M76;U Walther-Schreiber-Platz;0.0;2022-11-01 14:50:21;28837
643;2022-11-01T14:51:00+01:00;179;U Alt-Mariendorf;0.0;2022-11-01 14:50:21;17926
644;2022-11-01T14:58:00+01:00;X76;U Alt-Mariendorf;3.0;2022-11-01 14:59:25;33098
645;2022-11-01T14:59:00+01:00;M76;U Walther-Schreiber-Platz;4.0;2022-11-01 14:59:25;28838
646;2022-11-01T15:01:00+01:00;179;U Alt-Mariendorf;0.0;2022-11-01 14:59:25;17926
647;2022-11-01T15:04:00+01:00;X71;U Alt-Mariendorf;19.0;2022-11-01 15:21:23;35254
648;2022-11-01T15:08:00+01:00;X76;U Alt-Mariendorf;-1.0;2022-11-01 15:06:18;33099
649;2022-11-01T15:09:00+01:00;M76;U Walther-Schreiber-Platz;14.0;2022-11-01 15:21:23;28838
650;2022-11-01T15:11:00+01:00;179;U Alt-Mariendorf;0.0;2022-11-01 15:09:19;17926
651;2022-11-01T15:18:00+01:00;X76;U Alt-Mariendorf;1.0;2022-11-01 15:18:22;33099
652;2022-11-01T15:19:00+01:00;M76;U Walther-Schreiber-Platz;12.0;2022-11-01 15:30:27;28838
653;2022-11-01T15:21:00+01:00;179;U Alt-Mariendorf;0.0;2022-11-01 15:21:23;17926
654;2022-11-01T15:23:00+01:00;X71;U Alt-Mariendorf;48.0;2022-11-01 16:00:39;35255
655;2022-11-01T15:28:00+01:00;X76;U Alt-Mariendorf;2.0;2022-11-01 15:30:27;33099
656;2022-11-01T15:29:00+01:00;M76;U Walther-Schreiber-Platz;5.0;2022-11-01 15:33:28;28838
657;2022-11-01T15:31:00+01:00;179;U Alt-Mariendorf;0.0;2022-11-01 15:30:27;17926
658;2022-11-01T15:38:00+01:00;X76;U Alt-Mariendorf;3.0;2022-11-01 15:39:29;33099
659;2022-11-01T15:39:00+01:00;M76;U Walther-Schreiber-Platz;5.0;2022-11-01 15:42:31;28838
660;2022-11-01T15:41:00+01:00;179;U Alt-Mariendorf;0.0;2022-11-01 15:39:29;17926
661;2022-11-01T15:43:00+01:00;X71;U Alt-Mariendorf;0.0;2022-11-01 15:42:31;35255
662;2022-11-01T15:48:00+01:00;X76;U Alt-Mariendorf;2.0;2022-11-01 15:48:34;33099
663;2022-11-01T15:49:00+01:00;M76;U Walther-Schreiber-Platz;7.0;2022-11-01 15:54:37;28838
664;2022-11-01T15:51:00+01:00;179;U Alt-Mariendorf;0.0;2022-11-01 15:51:35;17926
665;2022-11-01T15:58:00+01:00;X76;U Alt-Mariendorf;5.0;2022-11-01 16:03:40;33099
666;2022-11-01T15:59:00+01:00;M76;U Walther-Schreiber-Platz;5.0;2022-11-01 16:03:40;28838
667;2022-11-01T16:01:00+01:00;179;U Alt-Mariendorf;-1.0;2022-11-01 16:00:39;17926
668;2022-11-01T16:03:00+01:00;X71;U Alt-Mariendorf;4.0;2022-11-01 16:06:41;35255
669;2022-11-01T16:08:00+01:00;X76;U Alt-Mariendorf;5.0;2022-11-01 16:12:45;33099
670;2022-11-01T16:09:00+01:00;M76;U Walther-Schreiber-Platz;4.0;2022-11-01 16:12:45;28838
671;2022-11-01T16:11:00+01:00;179;U Alt-Mariendorf;0.0;2022-11-01 16:09:42;17926
672;2022-11-01T16:18:00+01:00;X76;U Alt-Mariendorf;3.0;2022-11-01 16:21:50;33099
673;2022-11-01T16:19:00+01:00;M76;U Walther-Schreiber-Platz;6.0;2022-11-01 16:24:51;28838
674;2022-11-01T16:21:00+01:00;179;U Alt-Mariendorf;1.0;2022-11-01 16:21:50;17926
675;2022-11-01T16:23:00+01:00;X71;U Alt-Mariendorf;4.0;2022-11-01 16:27:52;35255
676;2022-11-01T16:28:00+01:00;X76;U Alt-Mariendorf;0.0;2022-11-01 16:27:52;33099
677;2022-11-01T16:29:00+01:00;M76;U Walther-Schreiber-Platz;0.0;2022-11-01 16:27:52;28838
678;2022-11-01T16:31:00+01:00;179;U Alt-Mariendorf;0.0;2022-11-01 16:30:53;17926
679;2022-11-01T16:38:00+01:00;X76;U Alt-Mariendorf;1.0;2022-11-01 16:39:57;33099
680;2022-11-01T16:39:00+01:00;M76;U Walther-Schreiber-Platz;6.0;2022-11-01 16:45:59;28838
681;2022-11-01T16:41:00+01:00;179;U Alt-Mariendorf;-2.0;2022-11-01 16:39:57;17926
682;2022-11-01T16:43:00+01:00;X71;U Alt-Mariendorf;14.0;2022-11-01 16:55:02;35255
683;2022-11-01T16:48:00+01:00;X76;U Alt-Mariendorf;3.0;2022-11-01 16:49:00;33099
684;2022-11-01T16:49:00+01:00;M76;U Walther-Schreiber-Platz;3.0;2022-11-01 16:52:01;28838
685;2022-11-01T16:51:00+01:00;179;U Alt-Mariendorf;0.0;2022-11-01 16:49:00;17926
688;2022-11-01T16:58:00+01:00;X76;U Alt-Mariendorf;3.0;2022-11-01 16:58:03;33099
690;2022-11-01T16:59:00+01:00;M76;U Walther-Schreiber-Platz;3.0;2022-11-01 16:58:03;28838
689;2022-11-01T17:01:00+01:00;179;U Alt-Mariendorf;0.0;2022-11-01 16:58:03;17928
691;2022-11-01T17:03:00+01:00;X71;U Alt-Mariendorf;0.0;2022-11-01 16:58:03;35255
